run_id,run_started_at,is_official_collection_window,collection_type,node_id,node_name,sample_id,lat,lon,sampling_method,matched_road_name,target_road_names,velocity_kmph,free_flow_kmph,current_travel_time,free_flow_travel_time,confidence,recency_score,source_quality,congestion_ratio,density_proxy,los,congestion_level,road_closure,source_name,source_api,raw_path,extract_error,extracted_at
20260724T184601Z,2026-07-24T18:46:01+00:00,True,official_collection_window,N01_LY_THUONG_KIET,Ly Thuong Kiet,0,10.7705237,106.6580794,osm_corridor,Lý Thường Kiệt,Lý Thường Kiệt,30.0,30.0,1301.0,1301.0,1.0,0.7462846772222222,0.95,0.0,0.0,E,thoang,False,tomtom_flow,TomTom Traffic Flow Segment Data API,outputs\raw\tomtom_flow_N01_LY_THUONG_KIET_0.json,,2026-07-24T18:46:01+00:00
20260724T184601Z,2026-07-24T18:46:01+00:00,True,official_collection_window,N01_LY_THUONG_KIET,Ly Thuong Kiet,1,10.7702955,106.6582398,osm_corridor,Lý Thường Kiệt,Lý Thường Kiệt,35.0,35.0,1307.0,1307.0,1.0,0.7462846772222222,0.95,0.0,0.0,F,thoang,False,tomtom_flow,TomTom Traffic Flow Segment Data API,outputs\raw\tomtom_flow_N01_LY_THUONG_KIET_1.json,,2026-07-24T18:46:01+00:00
20260724T184601Z,2026-07-24T18:46:01+00:00,True,official_collection_window,N01_LY_THUONG_KIET,Ly Thuong Kiet,2,10.7711801,106.6579012,osm_corridor,Lý Thường Kiệt,Lý Thường Kiệt,30.0,30.0,1301.0,1301.0,1.0,0.7462846772222222,0.95,0.0,0.0,E,thoang,False,tomtom_flow,TomTom Traffic Flow Segment Data API,outputs\raw\tomtom_flow_N01_LY_THUONG_KIET_2.json,,2026-07-24T18:46:01+00:00
20260724T184601Z,2026-07-24T18:46:01+00:00,True,official_collection_window,N01_LY_THUONG_KIET,Ly Thuong Kiet,3,10.7690214,106.6585721,osm_corridor,Lý Thường Kiệt,Lý Thường Kiệt,35.0,35.0,1307.0,1307.0,1.0,0.7462846772222222,0.95,0.0,0.0,F,thoang,False,tomtom_flow,TomTom Traffic Flow Segment Data API,outputs\raw\tomtom_flow_N01_LY_THUONG_KIET_3.json,,2026-07-24T18:46:01+00:00
20260724T184601Z,2026-07-24T18:46:01+00:00,True,official_collection_window,N01_LY_THUONG_KIET,Ly Thuong Kiet,4,10.7688824,106.6586149,osm_corridor,Lý Thường Kiệt,Lý Thường Kiệt,35.0,35.0,1307.0,1307.0,1.0,0.7462846772222222,0.95,0.0,0.0,F,thoang,False,tomtom_flow,TomTom Traffic Flow Segment Data API,outputs\raw\tomtom_flow_N01_LY_THUONG_KIET_4.json,,2026-07-24T18:46:01+00:00
20260724T184601Z,2026-07-24T18:46:01+00:00,True,official_collection_window,N01_LY_THUONG_KIET,Ly Thuong Kiet,5,10.7728272,106.6574424,osm_corridor,Lý Thường Kiệt,Lý Thường Kiệt,35.0,35.0,1307.0,1307.0,1.0,0.7462846772222222,0.95,0.0,0.0,F,thoang,False,tomtom_flow,TomTom Traffic Flow Segment Data API,outputs\raw\tomtom_flow_N01_LY_THUONG_KIET_5.json,,2026-07-24T18:46:01+00:00
20260724T184601Z,2026-07-24T18:46:01+00:00,True,official_collection_window,N01_LY_THUONG_KIET,Ly Thuong Kiet,6,10.7677247,106.6589526,osm_corridor,Lý Thường Kiệt,Lý Thường Kiệt,35.0,35.0,1307.0,1307.0,1.0,0.7462846772222222,0.95,0.0,0.0,F,thoang,False,tomtom_flow,TomTom Traffic Flow Segment Data API,outputs\raw\tomtom_flow_N01_LY_THUONG_KIET_6.json,,2026-07-24T18:46:01+00:00
20260724T184601Z,2026-07-24T18:46:01+00:00,True,official_collection_window,N01_LY_THUONG_KIET,Ly Thuong Kiet,7,10.7671948,106.6589924,osm_corridor,Lý Thường Kiệt,Lý Thường Kiệt,30.0,30.0,1301.0,1301.0,1.0,0.7462846772222222,0.95,0.0,0.0,E,thoang,False,tomtom_flow,TomTom Traffic Flow Segment Data API,outputs\raw\tomtom_flow_N01_LY_THUONG_KIET_7.json,,2026-07-24T18:46:01+00:00
20260724T184601Z,2026-07-24T18:46:01+00:00,True,official_collection_window,N01_LY_THUONG_KIET,Ly Thuong Kiet,8,10.7663911,106.6592173,osm_corridor,Lý Thường Kiệt,Lý Thường Kiệt,30.0,30.0,1301.0,1301.0,1.0,0.7462846772222222,0.95,0.0,0.0,E,thoang,False,tomtom_flow,TomTom Traffic Flow Segment Data API,outputs\raw\tomtom_flow_N01_LY_THUONG_KIET_8.json,,2026-07-24T18:46:01+00:00
20260724T184601Z,2026-07-24T18:46:01+00:00,True,official_collection_window,N02_BA_THANG_HAI,Ba Thang Hai,0,10.7641664,106.6604857,osm_corridor,Ba Tháng Hai,Ba Tháng Hai,33.0,33.0,382.0,382.0,1.0,0.7462846772222222,0.95,0.0,0.0,E,thoang,False,tomtom_flow,TomTom Traffic Flow Segment Data API,outputs\raw\tomtom_flow_N02_BA_THANG_HAI_0.json,,2026-07-24T18:46:01+00:00
20260724T184601Z,2026-07-24T18:46:01+00:00,True,official_collection_window,N02_BA_THANG_HAI,Ba Thang Hai,1,10.7640794,106.6603177,osm_corridor,Ba Tháng Hai,Ba Tháng Hai,33.0,33.0,382.0,382.0,1.0,0.7462846772222222,0.95,0.0,0.0,E,thoang,False,tomtom_flow,TomTom Traffic Flow Segment Data API,outputs\raw\tomtom_flow_N02_BA_THANG_HAI_1.json,,2026-07-24T18:46:01+00:00
20260724T184601Z,2026-07-24T18:46:01+00:00,True,official_collection_window,N02_BA_THANG_HAI,Ba Thang Hai,2,10.7640425,106.6602531,osm_corridor,Ba Tháng Hai,Ba Tháng Hai,33.0,33.0,382.0,382.0,1.0,0.7462846772222222,0.95,0.0,0.0,E,thoang,False,tomtom_flow,TomTom Traffic Flow Segment Data API,outputs\raw\tomtom_flow_N02_BA_THANG_HAI_2.json,,2026-07-24T18:46:01+00:00
20260724T184601Z,2026-07-24T18:46:01+00:00,True,official_collection_window,N03_CMT8,Cach Mang Thang Tam,0,10.7830122,106.6719252,osm_corridor,Cách Mạng Tháng Tám,Cách Mạng Tháng Tám,34.0,34.0,1496.0,1496.0,1.0,0.7462846772222222,0.95,0.0,0.0,E,thoang,False,tomtom_flow,TomTom Traffic Flow Segment Data API,outputs\raw\tomtom_flow_N03_CMT8_0.json,,2026-07-24T18:46:01+00:00
20260724T184601Z,2026-07-24T18:46:01+00:00,True,official_collection_window,N03_CMT8,Cach Mang Thang Tam,1,10.7827408,106.6724336,osm_corridor,Cách Mạng Tháng Tám,Cách Mạng Tháng Tám,34.0,34.0,1496.0,1496.0,1.0,0.7462846772222222,0.95,0.0,0.0,E,thoang,False,tomtom_flow,TomTom Traffic Flow Segment Data API,outputs\raw\tomtom_flow_N03_CMT8_1.json,,2026-07-24T18:46:01+00:00
20260724T184601Z,2026-07-24T18:46:01+00:00,True,official_collection_window,N03_CMT8,Cach Mang Thang Tam,2,10.7836926,106.6706593,osm_corridor,Cách Mạng Tháng Tám,Cách Mạng Tháng Tám,34.0,34.0,1496.0,1496.0,1.0,0.7462846772222222,0.95,0.0,0.0,E,thoang,False,tomtom_flow,TomTom Traffic Flow Segment Data API,outputs\raw\tomtom_flow_N03_CMT8_2.json,,2026-07-24T18:46:01+00:00
20260724T184601Z,2026-07-24T18:46:01+00:00,True,official_collection_window,N03_CMT8,Cach Mang Thang Tam,3,10.7841519,106.669797,osm_corridor,Cách Mạng Tháng Tám,Cách Mạng Tháng Tám,34.0,34.0,1496.0,1496.0,1.0,0.7462846772222222,0.95,0.0,0.0,E,thoang,False,tomtom_flow,TomTom Traffic Flow Segment Data API,outputs\raw\tomtom_flow_N03_CMT8_3.json,,2026-07-24T18:46:01+00:00
20260724T184601Z,2026-07-24T18:46:01+00:00,True,official_collection_window,N03_CMT8,Cach Mang Thang Tam,4,10.7845222,106.6691073,osm_corridor,Cách Mạng Tháng Tám,Cách Mạng Tháng Tám,34.0,34.0,1496.0,1496.0,1.0,0.7462846772222222,0.95,0.0,0.0,E,thoang,False,tomtom_flow,TomTom Traffic Flow Segment Data API,outputs\raw\tomtom_flow_N03_CMT8_4.json,,2026-07-24T18:46:01+00:00
20260724T184601Z,2026-07-24T18:46:01+00:00,True,official_collection_window,N03_CMT8,Cach Mang Thang Tam,5,10.7849444,106.668312,osm_corridor,Cách Mạng Tháng Tám,Cách Mạng Tháng Tám,34.0,34.0,1496.0,1496.0,1.0,0.7462846772222222,0.95,0.0,0.0,E,thoang,False,tomtom_flow,TomTom Traffic Flow Segment Data API,outputs\raw\tomtom_flow_N03_CMT8_5.json,,2026-07-24T18:46:01+00:00
20260724T184601Z,2026-07-24T18:46:01+00:00,True,official_collection_window,N03_CMT8,Cach Mang Thang Tam,6,10.7852888,106.6676608,osm_corridor,Cách Mạng Tháng Tám,Cách Mạng Tháng Tám,34.0,34.0,1496.0,1496.0,1.0,0.7462846772222222,0.95,0.0,0.0,E,thoang,False,tomtom_flow,TomTom Traffic Flow Segment Data API,outputs\raw\tomtom_flow_N03_CMT8_6.json,,2026-07-24T18:46:01+00:00
20260724T184601Z,2026-07-24T18:46:01+00:00,True,official_collection_window,N03_CMT8,Cach Mang Thang Tam,7,10.7856143,106.6670602,osm_corridor,Cách Mạng Tháng Tám,Cách Mạng Tháng Tám,34.0,34.0,1496.0,1496.0,1.0,0.7462846772222222,0.95,0.0,0.0,E,thoang,False,tomtom_flow,TomTom Traffic Flow Segment Data API,outputs\raw\tomtom_flow_N03_CMT8_7.json,,2026-07-24T18:46:01+00:00
20260724T184601Z,2026-07-24T18:46:01+00:00,True,official_collection_window,N03_CMT8,Cach Mang Thang Tam,8,10.780323,106.6769203,osm_corridor,Cách Mạng Tháng Tám,Cách Mạng Tháng Tám,34.0,34.0,1496.0,1496.0,1.0,0.7462846772222222,0.95,0.0,0.0,E,thoang,False,tomtom_flow,TomTom Traffic Flow Segment Data API,outputs\raw\tomtom_flow_N03_CMT8_8.json,,2026-07-24T18:46:01+00:00
20260724T184601Z,2026-07-24T18:46:01+00:00,True,official_collection_window,N04_THANH_THAI,Thanh Thai,0,10.77526,106.66406,osm_corridor,Thành Thái,Thành Thái,31.0,31.0,242.0,242.0,1.0,0.7462846772222222,0.95,0.0,0.0,E,thoang,False,tomtom_flow,TomTom Traffic Flow Segment Data API,outputs\raw\tomtom_flow_N04_THANH_THAI_0.json,,2026-07-24T18:46:01+00:00
20260724T184601Z,2026-07-24T18:46:01+00:00,True,official_collection_window,N04_THANH_THAI,Thanh Thai,1,10.7759246,106.6638024,osm_corridor,Thành Thái,Thành Thái,31.0,31.0,242.0,242.0,1.0,0.7462846772222222,0.95,0.0,0.0,E,thoang,False,tomtom_flow,TomTom Traffic Flow Segment Data API,outputs\raw\tomtom_flow_N04_THANH_THAI_1.json,,2026-07-24T18:46:01+00:00
20260724T184601Z,2026-07-24T18:46:01+00:00,True,official_collection_window,N04_THANH_THAI,Thanh Thai,2,10.7741189,106.6645027,osm_corridor,Thành Thái,Thành Thái,31.0,31.0,242.0,242.0,1.0,0.7462846772222222,0.95,0.0,0.0,E,thoang,False,tomtom_flow,TomTom Traffic Flow Segment Data API,outputs\raw\tomtom_flow_N04_THANH_THAI_2.json,,2026-07-24T18:46:01+00:00
20260724T184601Z,2026-07-24T18:46:01+00:00,True,official_collection_window,N04_THANH_THAI,Thanh Thai,3,10.7737409,106.6646489,osm_corridor,Thành Thái,Thành Thái,31.0,31.0,242.0,242.0,1.0,0.7462846772222222,0.95,0.0,0.0,E,thoang,False,tomtom_flow,TomTom Traffic Flow Segment Data API,outputs\raw\tomtom_flow_N04_THANH_THAI_3.json,,2026-07-24T18:46:01+00:00
20260724T184601Z,2026-07-24T18:46:01+00:00,True,official_collection_window,N04_THANH_THAI,Thanh Thai,4,10.773263,106.6648406,osm_corridor,Thành Thái,Thành Thái,31.0,31.0,242.0,242.0,1.0,0.7462846772222222,0.95,0.0,0.0,E,thoang,False,tomtom_flow,TomTom Traffic Flow Segment Data API,outputs\raw\tomtom_flow_N04_THANH_THAI_4.json,,2026-07-24T18:46:01+00:00
20260724T184601Z,2026-07-24T18:46:01+00:00,True,official_collection_window,N04_THANH_THAI,Thanh Thai,5,10.7721412,106.6652711,osm_corridor,Thành Thái,Thành Thái,29.0,29.0,135.0,135.0,1.0,0.7462846772222222,0.95,0.0,0.0,E,trung_binh,False,tomtom_flow,TomTom Traffic Flow Segment Data API,outputs\raw\tomtom_flow_N04_THANH_THAI_5.json,,2026-07-24T18:46:01+00:00
20260724T184601Z,2026-07-24T18:46:01+00:00,True,official_collection_window,N04_THANH_THAI,Thanh Thai,6,10.7712312,106.665623,osm_corridor,Thành Thái,Thành Thái,29.0,29.0,135.0,135.0,1.0,0.7462846772222222,0.95,0.0,0.0,E,trung_binh,False,tomtom_flow,TomTom Traffic Flow Segment Data API,outputs\raw\tomtom_flow_N04_THANH_THAI_6.json,,2026-07-24T18:46:01+00:00
20260724T184601Z,2026-07-24T18:46:01+00:00,True,official_collection_window,N04_THANH_THAI,Thanh Thai,7,10.7701869,106.6660214,osm_corridor,Thành Thái,Thành Thái,32.0,32.0,251.0,251.0,1.0,0.7462846772222222,0.95,0.0,0.0,E,thoang,False,tomtom_flow,TomTom Traffic Flow Segment Data API,outputs\raw\tomtom_flow_N04_THANH_THAI_7.json,,2026-07-24T18:46:01+00:00
20260724T184601Z,2026-07-24T18:46:01+00:00,True,official_collection_window,N04_THANH_THAI,Thanh Thai,8,10.7693703,106.6663511,osm_corridor,Thành Thái,Thành Thái,32.0,32.0,251.0,251.0,1.0,0.7462846772222222,0.95,0.0,0.0,E,thoang,False,tomtom_flow,TomTom Traffic Flow Segment Data API,outputs\raw\tomtom_flow_N04_THANH_THAI_8.json,,2026-07-24T18:46:01+00:00
20260724T184601Z,2026-07-24T18:46:01+00:00,True,official_collection_window,N05_TO_HIEN_THANH,To Hien Thanh,0,10.7776903,106.66514,osm_corridor,Tô Hiến Thành,Tô Hiến Thành,30.0,30.0,250.0,250.0,1.0,0.7462846772222222,0.95,0.0,0.0,E,thoang,False,tomtom_flow,TomTom Traffic Flow Segment Data API,outputs\raw\tomtom_flow_N05_TO_HIEN_THANH_0.json,,2026-07-24T18:46:01+00:00
20260724T184601Z,2026-07-24T18:46:01+00:00,True,official_collection_window,N05_TO_HIEN_THANH,To Hien Thanh,1,10.7779429,106.6654694,osm_corridor,Tô Hiến Thành,Tô Hiến Thành,30.0,30.0,250.0,250.0,1.0,0.7462846772222222,0.95,0.0,0.0,E,thoang,False,tomtom_flow,TomTom Traffic Flow Segment Data API,outputs\raw\tomtom_flow_N05_TO_HIEN_THANH_1.json,,2026-07-24T18:46:01+00:00
20260724T184601Z,2026-07-24T18:46:01+00:00,True,official_collection_window,N05_TO_HIEN_THANH,To Hien Thanh,2,10.7782917,106.6659222,osm_corridor,Tô Hiến Thành,Tô Hiến Thành,31.0,31.0,242.0,242.0,1.0,0.7462846772222222,0.95,0.0,0.0,E,thoang,False,tomtom_flow,TomTom Traffic Flow Segment Data API,outputs\raw\tomtom_flow_N05_TO_HIEN_THANH_2.json,,2026-07-24T18:46:01+00:00
20260724T184601Z,2026-07-24T18:46:01+00:00,True,official_collection_window,N05_TO_HIEN_THANH,To Hien Thanh,3,10.7786037,106.6663881,osm_corridor,Tô Hiến Thành,Tô Hiến Thành,30.0,30.0,250.0,250.0,1.0,0.7462846772222222,0.95,0.0,0.0,E,thoang,False,tomtom_flow,TomTom Traffic Flow Segment Data API,outputs\raw\tomtom_flow_N05_TO_HIEN_THANH_3.json,,2026-07-24T18:46:01+00:00
20260724T184601Z,2026-07-24T18:46:01+00:00,True,official_collection_window,N05_TO_HIEN_THANH,To Hien Thanh,4,10.7758493,106.663126,osm_corridor,Tô Hiến Thành,Tô Hiến Thành,30.0,30.0,250.0,250.0,1.0,0.7462846772222222,0.95,0.0,0.0,E,thoang,False,tomtom_flow,TomTom Traffic Flow Segment Data API,outputs\raw\tomtom_flow_N05_TO_HIEN_THANH_4.json,,2026-07-24T18:46:01+00:00
20260724T184601Z,2026-07-24T18:46:01+00:00,True,official_collection_window,N05_TO_HIEN_THANH,To Hien Thanh,5,10.7798955,106.6680701,osm_corridor,Tô Hiến Thành,Tô Hiến Thành,30.0,30.0,250.0,250.0,1.0,0.7462846772222222,0.95,0.0,0.0,E,thoang,False,tomtom_flow,TomTom Traffic Flow Segment Data API,outputs\raw\tomtom_flow_N05_TO_HIEN_THANH_5.json,,2026-07-24T18:46:01+00:00
20260724T184601Z,2026-07-24T18:46:01+00:00,True,official_collection_window,N05_TO_HIEN_THANH,To Hien Thanh,6,10.7740306,106.6617252,osm_corridor,Tô Hiến Thành,Tô Hiến Thành,30.0,30.0,250.0,250.0,1.0,0.7462846772222222,0.95,0.0,0.0,E,thoang,False,tomtom_flow,TomTom Traffic Flow Segment Data API,outputs\raw\tomtom_flow_N05_TO_HIEN_THANH_6.json,,2026-07-24T18:46:01+00:00
20260724T184601Z,2026-07-24T18:46:01+00:00,True,official_collection_window,N05_TO_HIEN_THANH,To Hien Thanh,7,10.7736822,106.66145,osm_corridor,Tô Hiến Thành,Tô Hiến Thành,30.0,30.0,250.0,250.0,1.0,0.7462846772222222,0.95,0.0,0.0,E,thoang,False,tomtom_flow,TomTom Traffic Flow Segment Data API,outputs\raw\tomtom_flow_N05_TO_HIEN_THANH_7.json,,2026-07-24T18:46:01+00:00
20260724T184601Z,2026-07-24T18:46:01+00:00,True,official_collection_window,N05_TO_HIEN_THANH,To Hien Thanh,8,10.7727257,106.6607494,osm_corridor,Tô Hiến Thành,Tô Hiến Thành,31.0,31.0,242.0,242.0,1.0,0.7462846772222222,0.95,0.0,0.0,E,thoang,False,tomtom_flow,TomTom Traffic Flow Segment Data API,outputs\raw\tomtom_flow_N05_TO_HIEN_THANH_8.json,,2026-07-24T18:46:01+00:00
20260724T184601Z,2026-07-24T18:46:01+00:00,True,official_collection_window,N06_NGUYEN_TRI_PHUONG,Nguyen Tri Phuong,0,10.7635,106.6672,radius_ring,,Nguyễn Tri Phương,35.0,35.0,1035.0,1035.0,1.0,0.7462846772222222,0.95,0.0,0.0,F,thoang,False,tomtom_flow,TomTom Traffic Flow Segment Data API,outputs\raw\tomtom_flow_N06_NGUYEN_TRI_PHUONG_0.json,,2026-07-24T18:46:01+00:00
20260724T184601Z,2026-07-24T18:46:01+00:00,True,official_collection_window,N06_NGUYEN_TRI_PHUONG,Nguyen Tri Phuong,1,10.7635,106.68205897920677,radius_ring,,Nguyễn Tri Phương,36.0,36.0,436.0,436.0,1.0,0.7462846772222222,0.95,0.0,0.0,F,thoang,False,tomtom_flow,TomTom Traffic Flow Segment Data API,outputs\raw\tomtom_flow_N06_NGUYEN_TRI_PHUONG_1.json,,2026-07-24T18:46:01+00:00
20260724T184601Z,2026-07-24T18:46:01+00:00,True,official_collection_window,N06_NGUYEN_TRI_PHUONG,Nguyen Tri Phuong,2,10.773822031256092,106.67770688495862,radius_ring,,Nguyễn Tri Phương,32.0,32.0,251.0,251.0,1.0,0.7462846772222222,0.95,0.0,0.0,E,thoang,False,tomtom_flow,TomTom Traffic Flow Segment Data API,outputs\raw\tomtom_flow_N06_NGUYEN_TRI_PHUONG_2.json,,2026-07-24T18:46:01+00:00
20260724T184601Z,2026-07-24T18:46:01+00:00,True,official_collection_window,N06_NGUYEN_TRI_PHUONG,Nguyen Tri Phuong,3,10.778097556593604,106.6672,radius_ring,,Nguyễn Tri Phương,31.0,31.0,242.0,242.0,1.0,0.7462846772222222,0.95,0.0,0.0,E,thoang,False,tomtom_flow,TomTom Traffic Flow Segment Data API,outputs\raw\tomtom_flow_N06_NGUYEN_TRI_PHUONG_3.json,,2026-07-24T18:46:01+00:00
20260724T184601Z,2026-07-24T18:46:01+00:00,True,official_collection_window,N06_NGUYEN_TRI_PHUONG,Nguyen Tri Phuong,4,10.773822031256092,106.65669311504136,radius_ring,,Nguyễn Tri Phương,30.0,30.0,1301.0,1301.0,1.0,0.7462846772222222,0.95,0.0,0.0,E,thoang,False,tomtom_flow,TomTom Traffic Flow Segment Data API,outputs\raw\tomtom_flow_N06_NGUYEN_TRI_PHUONG_4.json,,2026-07-24T18:46:01+00:00
20260724T184601Z,2026-07-24T18:46:01+00:00,True,official_collection_window,N06_NGUYEN_TRI_PHUONG,Nguyen Tri Phuong,5,10.7635,106.65234102079322,radius_ring,,Nguyễn Tri Phương,32.0,32.0,623.0,623.0,1.0,0.7462846772222222,0.95,0.0,0.0,E,thoang,False,tomtom_flow,TomTom Traffic Flow Segment Data API,outputs\raw\tomtom_flow_N06_NGUYEN_TRI_PHUONG_5.json,,2026-07-24T18:46:01+00:00
20260724T184601Z,2026-07-24T18:46:01+00:00,True,official_collection_window,N06_NGUYEN_TRI_PHUONG,Nguyen Tri Phuong,6,10.753177968743909,106.65669311504136,radius_ring,,Nguyễn Tri Phương,34.0,34.0,945.0,945.0,1.0,0.7462846772222222,0.95,0.0,0.0,E,thoang,False,tomtom_flow,TomTom Traffic Flow Segment Data API,outputs\raw\tomtom_flow_N06_NGUYEN_TRI_PHUONG_6.json,,2026-07-24T18:46:01+00:00
20260724T184601Z,2026-07-24T18:46:01+00:00,True,official_collection_window,N06_NGUYEN_TRI_PHUONG,Nguyen Tri Phuong,7,10.748902443406397,106.6672,radius_ring,,Nguyễn Tri Phương,43.0,43.0,1605.0,1605.0,1.0,0.7462846772222222,0.95,0.0,0.0,F,thoang,False,tomtom_flow,TomTom Traffic Flow Segment Data API,outputs\raw\tomtom_flow_N06_NGUYEN_TRI_PHUONG_7.json,,2026-07-24T18:46:01+00:00
20260724T184601Z,2026-07-24T18:46:01+00:00,True,official_collection_window,N06_NGUYEN_TRI_PHUONG,Nguyen Tri Phuong,8,10.753177968743909,106.67770688495862,radius_ring,,Nguyễn Tri Phương,31.0,31.0,639.0,639.0,1.0,0.7462846772222222,0.95,0.0,0.0,E,thoang,False,tomtom_flow,TomTom Traffic Flow Segment Data API,outputs\raw\tomtom_flow_N06_NGUYEN_TRI_PHUONG_8.json,,2026-07-24T18:46:01+00:00
20260724T184601Z,2026-07-24T18:46:01+00:00,True,official_collection_window,N07_SU_VAN_HANH,Su Van Hanh,0,10.7757564,106.6672707,osm_corridor,Sư Vạn Hạnh,Sư Vạn Hạnh,31.0,31.0,125.0,125.0,1.0,0.7462846772222222,0.95,0.0,0.0,E,thoang,False,tomtom_flow,TomTom Traffic Flow Segment Data API,outputs\raw\tomtom_flow_N07_SU_VAN_HANH_0.json,,2026-07-24T18:46:01+00:00
20260724T184601Z,2026-07-24T18:46:01+00:00,True,official_collection_window,N07_SU_VAN_HANH,Su Van Hanh,1,10.7764156,106.6667395,osm_corridor,Sư Vạn Hạnh,Sư Vạn Hạnh,31.0,31.0,125.0,125.0,1.0,0.7462846772222222,0.95,0.0,0.0,E,thoang,False,tomtom_flow,TomTom Traffic Flow Segment Data API,outputs\raw\tomtom_flow_N07_SU_VAN_HANH_1.json,,2026-07-24T18:46:01+00:00
20260724T184601Z,2026-07-24T18:46:01+00:00,True,official_collection_window,N07_SU_VAN_HANH,Su Van Hanh,2,10.7739454,106.6684405,osm_corridor,Sư Vạn Hạnh,Sư Vạn Hạnh,29.0,29.0,135.0,135.0,1.0,0.7462846772222222,0.95,0.0,0.0,E,trung_binh,False,tomtom_flow,TomTom Traffic Flow Segment Data API,outputs\raw\tomtom_flow_N07_SU_VAN_HANH_2.json,,2026-07-24T18:46:01+00:00
20260724T184601Z,2026-07-24T18:46:01+00:00,True,official_collection_window,N07_SU_VAN_HANH,Su Van Hanh,3,10.7730264,106.6689573,osm_corridor,Sư Vạn Hạnh,Sư Vạn Hạnh,29.0,29.0,135.0,135.0,1.0,0.7462846772222222,0.95,0.0,0.0,E,trung_binh,False,tomtom_flow,TomTom Traffic Flow Segment Data API,outputs\raw\tomtom_flow_N07_SU_VAN_HANH_3.json,,2026-07-24T18:46:01+00:00
20260724T184601Z,2026-07-24T18:46:01+00:00,True,official_collection_window,N07_SU_VAN_HANH,Su Van Hanh,4,10.7704531,106.6703316,osm_corridor,Sư Vạn Hạnh,Sư Vạn Hạnh,29.0,29.0,135.0,135.0,1.0,0.7462846772222222,0.95,0.0,0.0,E,trung_binh,False,tomtom_flow,TomTom Traffic Flow Segment Data API,outputs\raw\tomtom_flow_N07_SU_VAN_HANH_4.json,,2026-07-24T18:46:01+00:00
20260724T184601Z,2026-07-24T18:46:01+00:00,True,official_collection_window,N07_SU_VAN_HANH,Su Van Hanh,5,10.7696953,106.6707494,osm_corridor,Sư Vạn Hạnh,Sư Vạn Hạnh,32.0,32.0,251.0,251.0,1.0,0.7462846772222222,0.95,0.0,0.0,E,thoang,False,tomtom_flow,TomTom Traffic Flow Segment Data API,outputs\raw\tomtom_flow_N07_SU_VAN_HANH_5.json,,2026-07-24T18:46:01+00:00
20260724T184601Z,2026-07-24T18:46:01+00:00,True,official_collection_window,N07_SU_VAN_HANH,Su Van Hanh,6,10.7696517,106.6710813,osm_corridor,Sư Vạn Hạnh,Sư Vạn Hạnh,22.0,22.0,38.0,38.0,1.0,0.7462846772222222,0.95,0.0,0.0,D,trung_binh,False,tomtom_flow,TomTom Traffic Flow Segment Data API,outputs\raw\tomtom_flow_N07_SU_VAN_HANH_6.json,,2026-07-24T18:46:01+00:00
20260724T184601Z,2026-07-24T18:46:01+00:00,True,official_collection_window,N07_SU_VAN_HANH,Su Van Hanh,7,10.7686605,106.6713424,osm_corridor,Sư Vạn Hạnh,Sư Vạn Hạnh,22.0,22.0,38.0,38.0,1.0,0.7462846772222222,0.95,0.0,0.0,D,trung_binh,False,tomtom_flow,TomTom Traffic Flow Segment Data API,outputs\raw\tomtom_flow_N07_SU_VAN_HANH_7.json,,2026-07-24T18:46:01+00:00
20260724T184601Z,2026-07-24T18:46:01+00:00,True,official_collection_window,N07_SU_VAN_HANH,Su Van Hanh,8,10.7677675,106.6715514,osm_corridor,Sư Vạn Hạnh,Sư Vạn Hạnh,33.0,33.0,79.0,79.0,1.0,0.7462846772222222,0.95,0.0,0.0,E,thoang,False,tomtom_flow,TomTom Traffic Flow Segment Data API,outputs\raw\tomtom_flow_N07_SU_VAN_HANH_8.json,,2026-07-24T18:46:01+00:00
20260724T184601Z,2026-07-24T18:46:01+00:00,True,official_collection_window,N08_DIEN_BIEN_PHU,Dien Bien Phu,0,10.7736071,106.6800479,osm_corridor,Điện Biên Phủ,Điện Biên Phủ,41.0,41.0,1081.0,1081.0,1.0,0.7462846772222222,0.95,0.0,0.0,F,thoang,False,tomtom_flow,TomTom Traffic Flow Segment Data API,outputs\raw\tomtom_flow_N08_DIEN_BIEN_PHU_0.json,,2026-07-24T18:46:01+00:00
20260724T184601Z,2026-07-24T18:46:01+00:00,True,official_collection_window,N08_DIEN_BIEN_PHU,Dien Bien Phu,1,10.773096,106.6794408,osm_corridor,Điện Biên Phủ,Điện Biên Phủ,41.0,41.0,1081.0,1081.0,1.0,0.7462846772222222,0.95,0.0,0.0,F,thoang,False,tomtom_flow,TomTom Traffic Flow Segment Data API,outputs\raw\tomtom_flow_N08_DIEN_BIEN_PHU_1.json,,2026-07-24T18:46:01+00:00
20260724T184601Z,2026-07-24T18:46:01+00:00,True,official_collection_window,N08_DIEN_BIEN_PHU,Dien Bien Phu,2,10.772691,106.6789599,osm_corridor,Điện Biên Phủ,Điện Biên Phủ,41.0,41.0,1081.0,1081.0,1.0,0.7462846772222222,0.95,0.0,0.0,F,thoang,False,tomtom_flow,TomTom Traffic Flow Segment Data API,outputs\raw\tomtom_flow_N08_DIEN_BIEN_PHU_2.json,,2026-07-24T18:46:01+00:00
20260724T184601Z,2026-07-24T18:46:01+00:00,True,official_collection_window,N08_DIEN_BIEN_PHU,Dien Bien Phu,3,10.7750981,106.6817772,osm_corridor,Điện Biên Phủ,Điện Biên Phủ,41.0,41.0,1081.0,1081.0,1.0,0.7462846772222222,0.95,0.0,0.0,F,thoang,False,tomtom_flow,TomTom Traffic Flow Segment Data API,outputs\raw\tomtom_flow_N08_DIEN_BIEN_PHU_3.json,,2026-07-24T18:46:01+00:00
20260724T184601Z,2026-07-24T18:46:01+00:00,True,official_collection_window,N08_DIEN_BIEN_PHU,Dien Bien Phu,4,10.7719844,106.6781223,osm_corridor,Điện Biên Phủ,Điện Biên Phủ,41.0,41.0,1081.0,1081.0,1.0,0.7462846772222222,0.95,0.0,0.0,F,thoang,False,tomtom_flow,TomTom Traffic Flow Segment Data API,outputs\raw\tomtom_flow_N08_DIEN_BIEN_PHU_4.json,,2026-07-24T18:46:01+00:00
20260724T184601Z,2026-07-24T18:46:01+00:00,True,official_collection_window,N08_DIEN_BIEN_PHU,Dien Bien Phu,5,10.7757746,106.6825747,osm_corridor,Điện Biên Phủ,Điện Biên Phủ,41.0,41.0,1081.0,1081.0,1.0,0.7462846772222222,0.95,0.0,0.0,F,thoang,False,tomtom_flow,TomTom Traffic Flow Segment Data API,outputs\raw\tomtom_flow_N08_DIEN_BIEN_PHU_5.json,,2026-07-24T18:46:01+00:00
20260724T184601Z,2026-07-24T18:46:01+00:00,True,official_collection_window,N08_DIEN_BIEN_PHU,Dien Bien Phu,6,10.7712762,106.6773568,osm_corridor,Điện Biên Phủ,Điện Biên Phủ,41.0,41.0,1081.0,1081.0,1.0,0.7462846772222222,0.95,0.0,0.0,F,thoang,False,tomtom_flow,TomTom Traffic Flow Segment Data API,outputs\raw\tomtom_flow_N08_DIEN_BIEN_PHU_6.json,,2026-07-24T18:46:01+00:00
20260724T184601Z,2026-07-24T18:46:01+00:00,True,official_collection_window,N08_DIEN_BIEN_PHU,Dien Bien Phu,7,10.7765669,106.6835157,osm_corridor,Điện Biên Phủ,Điện Biên Phủ,41.0,41.0,1081.0,1081.0,1.0,0.7462846772222222,0.95,0.0,0.0,F,thoang,False,tomtom_flow,TomTom Traffic Flow Segment Data API,outputs\raw\tomtom_flow_N08_DIEN_BIEN_PHU_7.json,,2026-07-24T18:46:01+00:00
20260724T184601Z,2026-07-24T18:46:01+00:00,True,official_collection_window,N08_DIEN_BIEN_PHU,Dien Bien Phu,8,10.7768944,106.6838744,osm_corridor,Điện Biên Phủ,Điện Biên Phủ,41.0,41.0,1081.0,1081.0,1.0,0.7462846772222222,0.95,0.0,0.0,F,thoang,False,tomtom_flow,TomTom Traffic Flow Segment Data API,outputs\raw\tomtom_flow_N08_DIEN_BIEN_PHU_8.json,,2026-07-24T18:46:01+00:00
20260724T184601Z,2026-07-24T18:46:01+00:00,True,official_collection_window,N09_CONG_HOA,Cong Hoa,0,10.8004218,106.6608314,osm_corridor,Cộng Hòa,Cộng Hòa,36.0,36.0,354.0,354.0,1.0,0.7462846772222222,0.95,0.0,0.0,F,thoang,False,tomtom_flow,TomTom Traffic Flow Segment Data API,outputs\raw\tomtom_flow_N09_CONG_HOA_0.json,,2026-07-24T18:46:01+00:00
20260724T184601Z,2026-07-24T18:46:01+00:00,True,official_collection_window,N09_CONG_HOA,Cong Hoa,1,10.800657,106.6607275,osm_corridor,Cộng Hòa,Cộng Hòa,36.0,36.0,354.0,354.0,1.0,0.7462846772222222,0.95,0.0,0.0,F,thoang,False,tomtom_flow,TomTom Traffic Flow Segment Data API,outputs\raw\tomtom_flow_N09_CONG_HOA_1.json,,2026-07-24T18:46:01+00:00
20260724T184601Z,2026-07-24T18:46:01+00:00,True,official_collection_window,N09_CONG_HOA,Cong Hoa,2,10.800796,106.6612734,osm_corridor,Cộng Hòa,Cộng Hòa,39.0,39.0,166.0,166.0,1.0,0.7462846772222222,0.95,0.0,0.0,F,thoang,False,tomtom_flow,TomTom Traffic Flow Segment Data API,outputs\raw\tomtom_flow_N09_CONG_HOA_2.json,,2026-07-24T18:46:01+00:00
20260724T184601Z,2026-07-24T18:46:01+00:00,True,official_collection_window,N09_CONG_HOA,Cong Hoa,3,10.8007344,106.6600827,osm_corridor,Cộng Hòa,Cộng Hòa,36.0,36.0,354.0,354.0,1.0,0.7462846772222222,0.95,0.0,0.0,F,thoang,False,tomtom_flow,TomTom Traffic Flow Segment Data API,outputs\raw\tomtom_flow_N09_CONG_HOA_3.json,,2026-07-24T18:46:01+00:00
20260724T184601Z,2026-07-24T18:46:01+00:00,True,official_collection_window,N09_CONG_HOA,Cong Hoa,4,10.8008863,106.6586813,osm_corridor,Cộng Hòa,Cộng Hòa,36.0,36.0,354.0,354.0,1.0,0.7462846772222222,0.95,0.0,0.0,F,thoang,False,tomtom_flow,TomTom Traffic Flow Segment Data API,outputs\raw\tomtom_flow_N09_CONG_HOA_4.json,,2026-07-24T18:46:01+00:00
20260724T184601Z,2026-07-24T18:46:01+00:00,True,official_collection_window,N09_CONG_HOA,Cong Hoa,5,10.801113,106.6575558,osm_corridor,Cộng Hòa,Cộng Hòa,39.0,39.0,166.0,166.0,1.0,0.7462846772222222,0.95,0.0,0.0,F,thoang,False,tomtom_flow,TomTom Traffic Flow Segment Data API,outputs\raw\tomtom_flow_N09_CONG_HOA_5.json,,2026-07-24T18:46:01+00:00
20260724T184601Z,2026-07-24T18:46:01+00:00,True,official_collection_window,N09_CONG_HOA,Cong Hoa,6,10.8010476,106.6568219,osm_corridor,Cộng Hòa,Cộng Hòa,36.0,36.0,354.0,354.0,1.0,0.7462846772222222,0.95,0.0,0.0,F,thoang,False,tomtom_flow,TomTom Traffic Flow Segment Data API,outputs\raw\tomtom_flow_N09_CONG_HOA_6.json,,2026-07-24T18:46:01+00:00
20260724T184601Z,2026-07-24T18:46:01+00:00,True,official_collection_window,N09_CONG_HOA,Cong Hoa,7,10.8013403,106.655113,osm_corridor,Cộng Hòa,Cộng Hòa,39.0,39.0,166.0,166.0,1.0,0.7462846772222222,0.95,0.0,0.0,F,thoang,False,tomtom_flow,TomTom Traffic Flow Segment Data API,outputs\raw\tomtom_flow_N09_CONG_HOA_7.json,,2026-07-24T18:46:01+00:00
20260724T184601Z,2026-07-24T18:46:01+00:00,True,official_collection_window,N09_CONG_HOA,Cong Hoa,8,10.8013875,106.654557,osm_corridor,Cộng Hòa,Cộng Hòa,39.0,39.0,50.0,50.0,1.0,0.7462846772222222,0.95,0.0,0.0,F,thoang,False,tomtom_flow,TomTom Traffic Flow Segment Data API,outputs\raw\tomtom_flow_N09_CONG_HOA_8.json,,2026-07-24T18:46:01+00:00
20260724T184601Z,2026-07-24T18:46:01+00:00,True,official_collection_window,N10_TRUONG_CHINH,Truong Chinh,0,10.806515,106.6350231,osm_corridor,Trường Chinh,Trường Chinh,35.0,35.0,1307.0,1307.0,1.0,0.7462846772222222,0.95,0.0,0.0,F,thoang,False,tomtom_flow,TomTom Traffic Flow Segment Data API,outputs\raw\tomtom_flow_N10_TRUONG_CHINH_0.json,,2026-07-24T18:46:01+00:00
20260724T184601Z,2026-07-24T18:46:01+00:00,True,official_collection_window,N10_TRUONG_CHINH,Truong Chinh,1,10.8068891,106.6349022,osm_corridor,Trường Chinh,Trường Chinh,35.0,35.0,1307.0,1307.0,1.0,0.7462846772222222,0.95,0.0,0.0,F,thoang,False,tomtom_flow,TomTom Traffic Flow Segment Data API,outputs\raw\tomtom_flow_N10_TRUONG_CHINH_1.json,,2026-07-24T18:46:01+00:00
20260724T184601Z,2026-07-24T18:46:01+00:00,True,official_collection_window,N10_TRUONG_CHINH,Truong Chinh,2,10.807387,106.6348571,osm_corridor,Trường Chinh,Trường Chinh,15.0,15.0,4.0,4.0,1.0,0.7462846772222222,0.95,0.0,0.0,C,dong,False,tomtom_flow,TomTom Traffic Flow Segment Data API,outputs\raw\tomtom_flow_N10_TRUONG_CHINH_2.json,,2026-07-24T18:46:01+00:00
20260724T184601Z,2026-07-24T18:46:01+00:00,True,official_collection_window,N10_TRUONG_CHINH,Truong Chinh,3,10.807646,106.6348114,osm_corridor,Trường Chinh,Trường Chinh,35.0,35.0,1307.0,1307.0,1.0,0.7462846772222222,0.95,0.0,0.0,F,thoang,False,tomtom_flow,TomTom Traffic Flow Segment Data API,outputs\raw\tomtom_flow_N10_TRUONG_CHINH_3.json,,2026-07-24T18:46:01+00:00
20260724T184601Z,2026-07-24T18:46:01+00:00,True,official_collection_window,N10_TRUONG_CHINH,Truong Chinh,4,10.8078555,106.6347127,osm_corridor,Trường Chinh,Trường Chinh,35.0,35.0,1307.0,1307.0,1.0,0.7462846772222222,0.95,0.0,0.0,F,thoang,False,tomtom_flow,TomTom Traffic Flow Segment Data API,outputs\raw\tomtom_flow_N10_TRUONG_CHINH_4.json,,2026-07-24T18:46:01+00:00
20260724T184601Z,2026-07-24T18:46:01+00:00,True,official_collection_window,N10_TRUONG_CHINH,Truong Chinh,5,10.8044012,106.635637,osm_corridor,Trường Chinh,Trường Chinh,35.0,35.0,1307.0,1307.0,1.0,0.7462846772222222,0.95,0.0,0.0,F,thoang,False,tomtom_flow,TomTom Traffic Flow Segment Data API,outputs\raw\tomtom_flow_N10_TRUONG_CHINH_5.json,,2026-07-24T18:46:01+00:00
20260724T184601Z,2026-07-24T18:46:01+00:00,True,official_collection_window,N10_TRUONG_CHINH,Truong Chinh,6,10.8039429,106.6357777,osm_corridor,Trường Chinh,Trường Chinh,35.0,35.0,1307.0,1307.0,1.0,0.7462846772222222,0.95,0.0,0.0,F,thoang,False,tomtom_flow,TomTom Traffic Flow Segment Data API,outputs\raw\tomtom_flow_N10_TRUONG_CHINH_6.json,,2026-07-24T18:46:01+00:00
20260724T184601Z,2026-07-24T18:46:01+00:00,True,official_collection_window,N10_TRUONG_CHINH,Truong Chinh,7,10.8036941,106.6358587,osm_corridor,Trường Chinh,Trường Chinh,35.0,35.0,1307.0,1307.0,1.0,0.7462846772222222,0.95,0.0,0.0,F,thoang,False,tomtom_flow,TomTom Traffic Flow Segment Data API,outputs\raw\tomtom_flow_N10_TRUONG_CHINH_7.json,,2026-07-24T18:46:01+00:00
20260724T184601Z,2026-07-24T18:46:01+00:00,True,official_collection_window,N10_TRUONG_CHINH,Truong Chinh,8,10.8031436,106.6359765,osm_corridor,Trường Chinh,Trường Chinh,34.0,34.0,1496.0,1496.0,1.0,0.7462846772222222,0.95,0.0,0.0,E,thoang,False,tomtom_flow,TomTom Traffic Flow Segment Data API,outputs\raw\tomtom_flow_N10_TRUONG_CHINH_8.json,,2026-07-24T18:46:01+00:00
